Wall time,Step,Value
1711827199.0483239,50,0.8354586362838745
1711828302.7413578,100,0.8925507664680481
1711829406.1631854,150,0.9243278503417969
1711830509.4699128,200,0.945033848285675
1711831612.4863076,250,0.9510666131973267
1711832714.9953513,300,0.9554684162139893
1711833817.4290292,350,0.9582210183143616
1711834919.519745,400,0.9599012136459351
1711836022.6032202,450,0.9631168246269226
1711837126.365163,500,0.9640395045280457
1711838230.244479,550,0.9657876491546631
1711839332.7107577,600,0.9671676158905029
1711840435.6371744,650,0.9681479930877686
1711841538.3394742,700,0.9696081280708313
1711842641.3737586,750,0.9708716869354248
1711843745.6252303,800,0.9715104699134827
1711844848.6849763,850,0.9723151326179504
1711845952.5905886,900,0.9727979898452759
1711847056.1232967,950,0.9733046889305115
1711848160.1307104,1000,0.9735417366027832
1711849264.5334494,1050,0.9737449884414673
1711850369.143496,1100,0.9738357067108154
1711851474.174235,1150,0.9738802313804626
1711852403.3270352,1192,0.9738857746124268
1711852434.2557411,1193,0.9738857746124268
1711852465.1486204,1194,0.9738857746124268
1711852495.9677415,1195,0.9738857746124268
1711852526.8035562,1196,0.9738857746124268
1711852557.7471852,1197,0.9738857746124268
1711852588.6341188,1198,0.9738857746124268
1711852619.4749033,1199,0.9738857746124268
1711852650.3569484,1200,0.9738857746124268
