Wall time,Step,Value
1711566404.2959394,50,0.7995279431343079
1711567511.864976,100,0.8596726655960083
1711568617.5802152,150,0.8936617374420166
1711569723.9221094,200,0.9220605492591858
1711570828.3613594,250,0.936124861240387
1711571932.8461995,300,0.9494192004203796
1711573037.9745073,350,0.955698549747467
1711574143.9399023,400,0.9577604532241821
1711575249.7501225,450,0.9630025029182434
1711576355.5463066,500,0.9629240036010742
1711577461.5841346,550,0.9663960337638855
1711578567.1579065,600,0.9676826000213623
1711579673.7245896,650,0.9685508608818054
1711580780.5157797,700,0.9697629809379578
1711581887.7518177,750,0.9707061648368835
1711582995.6392796,800,0.9714980125427246
1711584103.512193,850,0.9720152020454407
1711585211.42024,900,0.9725075960159302
1711586318.7498043,950,0.9729468822479248
1711587426.0633688,1000,0.9731762409210205
1711588533.0105455,1050,0.9733753800392151
1711589642.1090765,1100,0.9734674096107483
1711590752.5505085,1150,0.9735084772109985
1711591686.8460681,1192,0.9735146760940552
1711591718.0760486,1193,0.9735146760940552
1711591749.3064451,1194,0.9735146760940552
1711591780.663781,1195,0.9735146760940552
1711591811.892195,1196,0.9735146760940552
1711591843.0727289,1197,0.9735146760940552
1711591874.2565005,1198,0.9735146760940552
1711591905.3691664,1199,0.9735146760940552
1711591936.596525,1200,0.9735146760940552
