Wall time,Step,Value
1711873863.9275126,50,0.732057511806488
1711874937.4310827,100,0.8210919499397278
1711876009.7390804,150,0.8541396260261536
1711877081.6635551,200,0.8771218657493591
1711878152.9091825,250,0.8980050683021545
1711879224.4992545,300,0.9143729209899902
1711880296.3672183,350,0.9270217418670654
1711881368.6786635,400,0.9353559613227844
1711882440.772535,450,0.9425120949745178
1711883510.9821281,500,0.9471891522407532
1711884581.0109599,550,0.9512864351272583
1711885652.016834,600,0.9548318982124329
1711886723.4071124,650,0.9564847350120544
1711887794.5654297,700,0.9590180516242981
1711888866.2653012,750,0.9611659646034241
1711889938.772099,800,0.9624229073524475
1711891011.7504134,850,0.963626503944397
1711892083.311146,900,0.9644283056259155
1711893154.4872272,950,0.9651726484298706
1711894230.219725,1000,0.9657125473022461
1711895306.6812875,1050,0.966090738773346
1711896380.0300176,1100,0.9663009643554688
1711897455.781922,1150,0.9663822650909424
1711898358.8557727,1192,0.9663940072059631
1711898388.9637513,1193,0.9663940072059631
1711898418.8093314,1194,0.9663940072059631
1711898448.7087538,1195,0.9663940072059631
1711898478.5618417,1196,0.9663940668106079
1711898508.4731922,1197,0.9663940668106079
1711898538.406383,1198,0.9663940668106079
1711898568.2166986,1199,0.9663941264152527
1711898598.1733778,1200,0.9663940668106079
